{
    "records": [
        {
            "recordId": 1,
            "employeeNumber": "02",
            "appliedTo": 1,
            "company": 1,
            "generalText": "Lorem ipsum dolor sit amet, consectetur adipisicing elit",
            "costCenter": "amstredam",
            "dateCargoPortal": "2017/06/15",
            "dateRegistrationSap": "2017/06/15",
            "internalControlRadio": 3,
            "jobOpening": "Web Developer",
            "internetOrderNo": "#546464",
            "client": "Microsoft",
            "invoiceDataIssued": {
                "rfc": "RFC",
                "label": "value-1",
                "rfc2": "RFC-2",
                "label1": "value-2",
                "rfc3": "RFC-3",
                "label2": "value-3",
                "rfc4": "RFC-4",
                "label3": "value-4"
            },
            "address": {
                "street": "Santa Maria",
                "colony": "dummy Colony",
                "postalCode": "012548",
                "city": "Madrid",
                "state": "Valencia",
                "country": "Spain",
                "pincode": "410501"
            },
            "typeOfVoucher": 3,
            "workMeals": {
                "sugar": 22,
                "coffee": 44,
                "subscript": 10,
                "tea": 20
            },
            "stationery": {
                "item-1": 2,
                "item-2": 4,
                "item-3": 5,
                "item-4": 6,
                "item-5": 7
            },
            "maintenance": {
                "item-1": 2,
                "item-2": 4,
                "item-3": 5,
                "item-4": 6,
                "item-5": 7
            },
            "totalInvoice": 635,
            "subTotal": 635,
            "totalDownPayment": 680
        },
        {
            "recordId": 2,
            "employeeNumber": "04",
            "appliedTo": 1,
            "company": 1,
            "generalText": "Lorem ipsum dolor sit amet, consectetur adipisicing elit",
            "costCenter": "amstredam",
            "dateCargoPortal": "2017/06/15",
            "dateRegistrationSap": "2017/06/15",
            "internalControlRadio": 3,
            "jobOpening": "Web Developer",
            "internetOrderNo": "#546464",
            "client": "Microsoft",
            "invoiceDataIssued": {
                "rfc": "RFC",
                "label": "value-1",
                "rfc2": "RFC-2",
                "label1": "value-2",
                "rfc3": "RFC-3",
                "label2": "value-3",
                "rfc4": "RFC-4",
                "label3": "value-4"
            },
            "address": {
                "street": "Santa Maria",
                "colony": "dummy Colony",
                "postalCode": "012548",
                "city": "Madrid",
                "state": "Valencia",
                "country": "Spain",
                "pincode": "410501"
            },
            "typeOfVoucher": 3,
            "workMeals": {
                "sugar": 22,
                "coffee": 44,
                "subscript": 10,
                "tea": 20
            },
            "stationery": {
                "item-1": 2,
                "item-2": 4,
                "item-3": 5,
                "item-4": 6,
                "item-5": 7
            },
            "maintenance": {
                "item-1": 2,
                "item-2": 4,
                "item-3": 5,
                "item-4": 6,
                "item-5": 7
            },
            "totalInvoice": 635,
            "subTotal": 635,
            "totalDownPayment": 680
        },
        {
            "recordId": 3,
            "employeeNumber": "06",
            "appliedTo": 1,
            "company": 1,
            "generalText": "Lorem ipsum dolor sit amet, consectetur adipisicing elit",
            "costCenter": "amstredam",
            "dateCargoPortal": "2017/06/15",
            "dateRegistrationSap": "2017/06/15",
            "internalControlRadio": 3,
            "jobOpening": "Web Developer",
            "internetOrderNo": "#546464",
            "client": "Microsoft",
            "invoiceDataIssued": {
                "rfc": "RFC",
                "label": "value-1",
                "rfc2": "RFC-2",
                "label1": "value-2",
                "rfc3": "RFC-3",
                "label2": "value-3",
                "rfc4": "RFC-4",
                "label3": "value-4"
            },
            "address": {
                "street": "Santa Maria",
                "colony": "dummy Colony",
                "postalCode": "012548",
                "city": "Madrid",
                "state": "Valencia",
                "country": "Spain",
                "pincode": "410501"
            },
            "typeOfVoucher": 3,
            "workMeals": {
                "sugar": 22,
                "coffee": 44,
                "subscript": 10,
                "tea": 20
            },
            "stationery": {
                "item-1": 2,
                "item-2": 4,
                "item-3": 5,
                "item-4": 6,
                "item-5": 7
            },
            "maintenance": {
                "item-1": 2,
                "item-2": 4,
                "item-3": 5,
                "item-4": 6,
                "item-5": 7
            },
            "totalInvoice": 635,
            "subTotal": 635,
            "totalDownPayment": 680
        },
        {
            "recordId": 4,
            "employeeNumber": "08",
            "appliedTo": 1,
            "company": 1,
            "generalText": "Lorem ipsum dolor sit amet, consectetur adipisicing elit",
            "costCenter": "amstredam",
            "dateCargoPortal": "2017/06/15",
            "dateRegistrationSap": "2017/06/15",
            "internalControlRadio": 3,
            "jobOpening": "Web Developer",
            "internetOrderNo": "#546464",
            "client": "Microsoft",
            "invoiceDataIssued": {
                "rfc": "RFC",
                "label": "value-1",
                "rfc2": "RFC-2",
                "label1": "value-2",
                "rfc3": "RFC-3",
                "label2": "value-3",
                "rfc4": "RFC-4",
                "label3": "value-4"
            },
            "address": {
                "street": "Santa Maria",
                "colony": "dummy Colony",
                "postalCode": "012548",
                "city": "Madrid",
                "state": "Valencia",
                "country": "Spain",
                "pincode": "410501"
            },
            "typeOfVoucher": 3,
            "workMeals": {
                "sugar": 22,
                "coffee": 44,
                "subscript": 10,
                "tea": 20
            },
            "stationery": {
                "item-1": 2,
                "item-2": 4,
                "item-3": 5,
                "item-4": 6,
                "item-5": 7
            },
            "maintenance": {
                "item-1": 2,
                "item-2": 4,
                "item-3": 5,
                "item-4": 6,
                "item-5": 7
            },
            "totalInvoice": 635,
            "subTotal": 635,
            "totalDownPayment": 680
        }
    ]
}